NO,QTY,JENIS BARANG,KODE,BERAT CAMPURAN,JUMLAH STONE DIPAKAI,JUMLAH PEMESANAN PER 3 BULAN,BIAYA BAHAN BAKU,UKURAN (INCH),BERAT,HARGA,TOTAL
1,2,SILVER NECKLECES ,NSBP 440,0,0,39,80,16.00,126.00,60.48,120.96
2,2,SILVER NECKLECES ,NSBP 440,0,0,22,41,18.00,141.00,67.68,135.36
3,2,SILVER NECKLECES ,NSBP 440,0,0,43,59,20.00,157.00,75.36,150.72
4,2,SILVER NECKLECES ,NSOK 46,0,0,38,34,18.00,150.00,72.00,144.00
5,2,SILVER NECKLECES ,NSOK 46,0,0,45,44,20.00,165.00,79.20,158.40
6,5,SILVER BRACELETS,BSRK 560,0,0,7,64,7.00,208.00,39.94,199.68
7,5,SILVER BRACELETS,BSRK 560,0,0,40,60,7.50,219.00,42 .05,210.24
8,5,SILVER BRACELETS,BSRK 560,0,0,7,74,8.00,232.00,44.54,222.72
9,1,SILVER BRACELETS,BSBP 440,0,0,33,88,7.50,31.00,29.76,29.76
10,20,SILVER BRACELETS,BSOK 46,0,0,42,56,7.00,616.00,29.57,591.36
11,25,SILVER BRACELETS,BSOK 46,0,0,21,51,7.50,825.00,31.68,792.00
12,8,SILVER BRACELETS,BSOK 46,0,0,49,32,8.00,283.00,33.96,271.68
13,1,SILVER BRACELETS,BSTR 075-G,0,0,38,78,7.50,54.00,132.79,132.79
14,1,SILVER NECKLECES ,NSRK 501,0,0,21,83,20.00,80.00,76.80,76.80
15,1,SILVER NECKLECES ,NSRK 501,0,0,13,60,22.00,88.00,84.48,84.48
16,1,SILVER NECKLECES ,NSRK 501,0,0,22,31,24.00,97.00,93.12,93.12
17,2,SILVER BRACELETS,BSBP 708,0,0,14,18,8.00,152.00,72.96,145.92
18,1,SILVER BRACELETS,BSBP 708,0,0,18,67,8.50,81.00,77.76,77.76
19,4,SILVER BRACELETS,BCHK 1040,0,0,19,63,8.00,432.00,103.68,414.72
20,5,SILVER BRACELETS,BCHK 1040,0,0,12,21,8.50,586.00,112.51,562.56
21,1,SILVER BRACELETS,BCHK 1040,0,0,22,40,9.00,122.00,117.12,117.12
22,4,SILVER BRACELETS,BCBP 682,0,0,23,41,7.50,203.00,48.72,194.88
23,3,SILVER BRACELETS,BCBP 682,0,0,48,12,8.00,161.00,51.52,154.56
24,4,SILVER BRACELETS,BCBP 682,0,0,18,55,8.50,228.00,54.72,218.88
25,7,SILVER BRACELETS,BSTR 681,0,0,27,99,7.50,364.00,49.92,349.44
26,3,SILVER BRACELETS,BSTR 681,0,0,9,42,8.00,167.00,53.44,160.32
27,2,SILVER BRACELETS,BSTR 681,0,0,50,21,8.50,117.00,56.16,112.32
28,2,SILVER BRACELETS,BSFB 074,0,0,49,75,8.50,131.00,62.88,125.76
29,3,SILVER BRACELETS,BCBP 68,0,0,18,73,7.50,154.00,49.28,147.84
30,3,SILVER BRACELETS,BCBP 68,0,0,23,63,8.00,165.00,52.80,158.40
31,3,SILVER BRACELETS,BCBP 68,0,0,24,65,8.50,172.00,55.04,165.12
32,3,SILVER BRACELETS,BCBP 68,0,0,26,87,9.00,115.00,56.00,168.00
33,3,SILVER BRACELETS,BSTR 379,0,0,18,27,8.00,260.00,83.20,249.60
34,3,SILVER BRACELETS,BSTR 379,0,0,34,81,8.50,274.00,87.68,263.04
35,3,SILVER BRACELETS,BSTR 379,0,0,16,19,9.00,288.00,92.16,276.48
36,1,SILVER BRACELETS,BFTN 126,0,0,28,26,9.00,115.00,110.40,110.40
37,2,SILVER BRACELETS,BTP 124,0,0,39,54,8.00,259.00,124.32,248.64
38,2,SILVER BRACELETS,BTP 124,0,0,22,60,8.50,278.00,133.44,266.88
39,1,SILVER BRACELETS,BTP 124,0,0,12,61,9.00,149.00,143.04,143.04
40,1,SILVER BRACELETS,BSKM 775,0,0,37,94,9.00,80.00,76.80,76.80
41,4,SILVER BRACELETS,BSTR 682,0,0,49,93,7.50,212.00,50.88,203.52
42,2,SILVER BRACELETS,BSTR 682,0,0,14,54,8.00,111.00,53.28,106.56
43,2,SILVER BRACELETS,BSTR 682,0,0,31,25,8.50,118.00,56.64,113.28
44,2,SILVER BRACELETS,BSTR 682,0,0,5,54,9.00,125.00,60.00,120.00
45,3,SILVER BRACELETS,BCBD 725,0,0,26,97,7.00,154.00,49.28,147.84
46,4,SILVER BRACELETS,BCBD 725,0,0,3,76,7.50,221.00,53.04,212.16
47,4,SILVER BRACELETS,BCBD 725,0,0,12,58,8.00,235.00,56.40,225.60
48,3,SILVER BRACELETS,BCBD 725,0,0,1,79,8.50,184.00,58.88,176.64
49,2,SILVER BRACELETS,BSTR 097,0,0,24,54,7.00,119.00,57.12,114.24
50,2,SILVER BRACELETS,BSTR 097,0,0,5,93,7.50,126.00,60.48,120.96
51,2,SILVER BRACELETS,BSTR 097,0,0,47,35,8.00,133.00,63.84,127.68
52,2,SILVER BRACELETS,BSTR 097,0,0,6,70,8.50,142.00,68.16,136.32
53,3,SILVER BRACELETS,BSFB 614,0,0,45,65,8.00,446.0-,142.72,428.16
54,4,SILVER BRACELETS,BSFB 614,0,0,24,100,8.50,642.00,154.08,616.32
55,1,SILVER BRACELETS,BSFB 614,0,0,29,44,9.00,171.00,164.16,164.16
56,1,SILVER BRACELETS,BTP 1241,0,0,23,24,9.00,148.00,142.08,142.08
57,1,SILVER BRACELETS,BSAN 1845,0,0,30,69,7.50,105.00,100.80,100.80
58,1,SILVER BRACELETS,BSAN 1845,0,0,44,62,8.00,111.00,106.56,106.56
59,2,SILVER BRACELETS,NSRB 401,0,0,32,44,24.00,142.00,68.16,136.32
60,3,SILVER BRACELETS,BCKS 48,0,0,25,19,7.50,116.00,37.12,111.36
61,3,SILVER BRACELETS,BCKS 48,0,0,31,79,8.00,124.00,39.68,119.04
62,3,SILVER BRACELETS,BCKS 48,0,0,25,87,8.50,130.00,41.60,124.80
63,1,SILVER BRACELETS,BCKS 48,0,0,46,93,9.00,46.00,44.16,44.16
64,2,SILVER BRACELETS,BSBP 5711,0,0,6,69,7.00,91.00,43.68,87.36
65,4,SILVER BRACELETS,BSBP 5711,0,0,22,62,7.50,195.00,46.80,187.20
66,3,SILVER BRACELETS,BSBP 5711,0,0,17,33,8.00,156.00,49.92,149.76
67,2,SILVER BRACELETS,BSBP 5711,0,0,43,42,8.50,111.00,53.28,106.56
68,3,SILVER BRACELETS,BLKL 52,0,0,18,87,7.50,51.00,28.83,86.49
69,5,SILVER BRACELETS,BLKL 52,0,0,44,60,8.00,99.00,31.60,158.01
70,2,SILVER BRACELETS,BLKL 52,0,0,42,99,8.50,36.00,29.82,59.64
71,1,SILVER NECKLECES,NSRK 501,0,0,39,41,18.00,73.00,70.08,70.08
72,1,SILVER BRACELETS,BFTN 125,0,0,32,67,7.50,96.00,92.16,92.16
73,2,SILVER BRACELETS,BFTN 125,0,0,4,15,8.00,204.00,97.92,195.84
74,1,SILVER BRACELETS,BFTN 125,0,0,16,33,8.00,108.00,103.68,103.68
75,2,SILVER BRACELETS,BSTR 577,0,0,35,62,7.00,98.00,47.04,94.08
76,4,SILVER BRACELETS,BSTR 577,0,0,6,88,7.50,209.00,50.16,200.64
77,3,SILVER BRACELETS,BSTR 577,0,0,21,51,8.00,167.00,53.44,160.32
78,4,SILVER BRACELETS,BTRP 68,0,0,40,24,7.50,181.00,43.44,173.76
79,2,SILVER BRACELETS,BTRP 68,0,0,34,91,8.00,97.00,46.56,93.12
80,2,SILVER BRACELETS,BTRP 68,0,0,49,70,8.50,102.00,48.96,97.92
81,1,SILVER BRACELETS,BS04-S,0,1,32,58,7.50,56.00,113.76,113.76
82,3,SILVER BRACELETS,BAKL 123,0,0,6,39,7.00,143.00,45.76,137.28
83,3,SILVER BRACELETS,BAKL 123,0,0,35,77,7.50,151.00,48.32,144.96
84,2,SILVER BRACELETS,BAKL 123,0,0,50,82,8.00,108.00,51.84,103.68
85,2,SILVER BRACELETS,BSTR 46-S,0,12,7,24,7.00,63.00,58.57,117.14
86,3,SILVER BRACELETS,BSTR 46-S,0,12,16,97,7.00,95.00,58.57,175.71
87,2,SILVER BRACELETS,BSTR 46-S,0,12,36,74,7.50,67.00,60.66,121.32
88,3,SILVER BRACELETS,BSTR 46-S,0,12,31,24,7.50,101.00,60.66,181.98
89,2,SILVER BRACELETS,BCBP 4611-S,0,12,21,91,7.00,65.00,59.37,118.74
90,1,SILVER BRACELETS,BCBP 4611-S,0,12,31,54,7.00,33.00,59.57,59.57
91,2,SILVER BRACELETS,BCBP 4611-S,0,12,50,95,7.50,69.00,61.57,123.14
92,3,SILVER BRACELETS,BCBP 4611-S,0,12,20,95,7.50,103.00,61.57,184.71
93,3,SILVER BRACELETS,BCTR 738-S,0,12,22,72,7.50,150.00,84.31,252.93
94,2,SILVER BRACELETS,BCBP 461-S,0,12,49,60,7.00,63.00,58.47,116.94
95,2,SILVER BRACELETS,BCBP 461-S,0,12,19,20,7.00,63.00,58.47,116.94
96,3,SILVER BRACELETS,BCBP 461-S,0,12,18,64,7.50,99.00,59.91,179.73
97,4,SILVER BRACELETS,BCBP 461-S,0,12,35,73,7.50,131.00,59.91,239.64
98,2,SILVER BRACELETS,BCFK 562,0,0,14,15,7.00,98.00,47.04,94.08
99,5,SILVER BRACELETS,BCFK 562,0,0,17,88,7.50,256.00,49.15,245.76
100,2,SILVER BRACELETS,BCFK 562,0,0,49,14,8.00,111.00,53.28,106.56
101,2,SILVER BRACELETS,BCFK 561,0,0,9,39,7.00,101.00,48.48,96.96
102,5,SILVER BRACELETS,BCFK 561,0,0,25,86,7.50,264.00,50.69,253.44
103,2,SILVER BRACELETS,BCFK 561,0,0,26,30,8.00,114.00,54.72,109.44
104,1,SILVER BRACELETS,BSFK 5702-SG,0.9,28,46,66,7.00,42.00,114.54,114.54
105,1,SILVER BRACELETS,BSFK 5702-SG,0.9,28,5,17,7.50,45.00,117.42,117.42
106,1,SILVER BRACELETS,BSFK 5702-S,0,28,38,59,7.00,42.00,72.86,72.86
107,1,SILVER BRACELETS,BSFK 5702-S,0,28,10,56,7.50,44.00,74.78,74.78
108,1,SILVER BRACELETS,BSFK 5702-G,1.3,0,22,24,7.50,49.00,137.25,137.25
109,2,SILVER BRACELETS,BSFK 5702-SL,0,0,17,83,7.00,89.00,42.72,85.44
110,3,SILVER BRACELETS,BSFK 5702-SL,0,0,29,64,7.50,140.00,44.80,134.40
111,1,SILVER NECKLECES,NCPL 94,0,0,27,85,,89.00,85.44,85.44
112,1,SILVER NECKLECES,NCPL 84,0,0,6,54,15.00,88.00,84.48,84.48
113,1,SILVER RINGS               ,RSTR 5705-S,0,54,10,29,7.50,11.00,25.89,25.89
114,1,SILVER RINGS                ,RSTR 5704-S,0,45,1,85,6.50,12.00,40.73,40.73
115,1,SILVER RINGS              ,RSTR 5703-S,0,57,10,40,6.50,14.00,45.94,45.94
116,1,SILVER RINGS,RSTR 570l-S,0,57,11,18,6.00,16.00,53.42,53.42
117,1,SILVER RINGS,RSTR 5702-S,0,61,12,11,6.50,14.00,48.44,48.44
118,1,SILVER RINGS,RC01-S,0,1,20,37,7.50,12.00,34.08,34.08
119,1,SILVER RINGS,RC02-S,0,16,46,19,7.00,9.00,40.45,40.45
120,1,SILVER RINGS,RC03-S,0,1,50,39,6.50,8.00,24.92,24.92
121,1,SILVER RINGS,RC04-S,0,1,22,72,6.50,6.00,27.19,27.19
122,1,SILVER BRACELETS,BSNT 156,0,0,30,74,8.50,111.00,106.56,106.56
123,1,SILVER PENDANT,CP01-S,0,0,45,37,-,18.00,37.32,37.32
124,1,SILVER PENDANT,CP02-S,0,0,4,19,-,14.00,35.11,35.11
125,1,SILVER NECKLECES,NCKK 45,0,0,13,49,20.00,29.00,27.84,27.84
126,1,SILVER NECKLECES,NCKK 45,0,0,12,16,22.00,31.00,29.76,29.76
127,1,SILVER BRACELETS                                           ,BCBP 682,0,0,23,33,10.00,68.00,65.28,65.28
128,1,SILVER BRACELETS                                             ,BTP 124,0,0,25,100,8.00,139.00,133.44,133.44
129,4,SILVER BRACELETS                                           ,BTP 124,0,0,37,30,8.50,580.00,139.20,556.80
130,1,SILVER BRACELETS                                             ,BTP 124,0,0,17,12,9.00,153.00,146.88,146.88
131,2,SILVER BRACELETS                                           ,BSER 125,0,0,25,94,7.50,124.00,59.52,119.04
132,2,SILVER BRACELETS                                           ,BSER 125,0,0,22,26,8.50,141.00,67.68,135.36
133,2,SILVER BRACELETS                                            ,BSER 117,0,0,11,94,7.50,136.00,65.28,130.56
134,2,SILVER BRACELETS                                           ,BSER 117,0,0,14,61,8.50,154.00,73.92,147.84
135,2,SILVER BRACELETS                                            ,BSKN 68,0,0,30,50,7.50,105.00,50.40,100.80
136,2,SILVER BRACELETS                                               ,BSKN 68,0,0,7,15,8.50,117.00,56.16,112.32
137,12,SILVER BRACELETS,BSOK 46-GP,0,0,17,33,7.00,369.00,36.52,438.24
138,12,SILVER BRACELETS,BSOK 46-GP,0,0,9,16,7.50,393.00,38.44,461.28
139,8,SILVER BRACELETS,BSOK 46-GP,0,0,19,45,8.00,280.00,40.60,324.80
140,8,SILVER BRACELETS ,BSTR 750-GP,0,0,39,47,7.50,414.00,56.68,453.44
141,12,SILVER BRACELETS ,BSTR 750-GP,0,0,38,55,8.00,660.00,59.80,717.60
142,12,SILVER BRACELETS ,BSTR 750-GP,0,0,33,55,8.50,711.00,63.88,766.56
143,8,SILVER BRACELETS ,BSTR 750-GP,0,0,40,27,9.00,495.00,66.40,531.20
144,12,SILVER NECKLECES ,NSRK 401-GP,0,0,46,31,18.00,577.00,53.16,637.92
145,12,SILVER NECKLECES,NSRK 401-GP,0,0,28,89,20.00,638.00,58.04,696.48
146,12,SILVER NECKLECES,NSRK 401-GP,0,0,30,41,22.00,697.00,62.76,753.12
147,12,SILVER NECKLECES ,NSRK 401-GP,0,0,8,33,24.00,746.00,66.68,800.16
148,6,SILVER NECKLECES,NSRK 501-GP,0,0,33,66,18.00,429.00,75.64,453.84
149,6,SILVER NECKLECES,NSRK 501-GP,0,0,14,45,20.00,476.00,83.16,498.96
150,6,SILVER NECKLECES,NSRK 501-GP,0,0,1,16,22.00,522.00,90.52,543.12
151,6,SILVER NECKLECES ,NSRK 501-GP,0,0,36,70,24.00,568.00,97.88,587.28
152,1,SILVER BRACELETS ,BSER 117-G,0.9,0,27,18,8.00,74.00,142.72,142.72
153,1,SILVER BRACELETS,BSER 117-G,0.9,0,21,70,8.50,79.00,145.60,145.60
154,2,SILVER BRACELETS,BSRB 614,0,0,48,52,8.00,306.00,146.88,293.76
155,2,SILVER BRACELETS,BSRB 614,0,0,22,91,8.50,325.00,156.00,312.00
156,5,SILVER BRACELETS,BSRK 560,0,0,30,100,7.00,207.00,39.74,198.72
157,5,SILVER BRACELETS,BSRK 560,0,0,36,88,7.50,220.00,42.24,211.20
158,5,SILVER BRACELETS,BSRK 560,0,0,45,49,8.00,231.00,44.35,221.76
159,1,SILVER BRACELETS,BTP 154-S,0,5,7,88,8.50,150.00,174.00,174.00
160,1,SILVER BRACELETS,BTP 154-S,0,5,46,56,9.00,160.00,183.60,183.60
161,1,SILVER BRACELETS,BSFK 850-G,0.9,0,49,58,7.50,62.00,131.20,131.20
162,1,SILVER BRACELETS,BSFK 850-G,0.9,0,35,31,-,66.00,135.04,135.04
163,1,SILVER BRACELETS ,BSTR 577-G,1,0,39,83,7.50,50.00,128.45,128.45
164,3,SILVER BRACELETS,BSTR 550,0,0,32,19,8.00,164.00,52.48,157.44
165,3,SILVER BRACELETS,BSTR 550,0,0,30,91,8.50,170.00,54.40,163.20
166,2,SILVER BRACELETS,BCHK 1040,0,0,50,71,8.50,225.00,108.00,216.00
167,1,SILVER BRACELETS,BSER 1016,0,0,5,29,8.00,124.00,119.04,119.04
168,1,SILVER BRACELETS,BSER 1016,0,0,47,98,8.50,129.00,123.84,123.84
169,1,SILVER BRACELETS,BSER 1016,0,0,14,86,9.00,139.P,133.44,133.44
170,1,SILVER BRACELETS,BSER 1216-S,0,6,14,74,8.25,129.00,153.84,153.84
171,1,SILVER BRACELETS,BSER 1216-S,0,6,26,89,8.75,137.00,161.52,161.52
172,1,SILVER BRACELETS,BBBG 425-G,2.3,0,39,51,-,88.00,233.64,233.64
173,1,GOLD RING (141<),RCRH 01,5,0,45,57,4.00,5.00,220.50,220.50
174,1,GOLD RING (141<),RCRH 01,9.2,0,26,44,8.50,9.20,397.32,397.32
175,1,SILVER BRACELETS,BSTR 6831-SG,0.5,20,32,24,7.50,53.00,104.43,104.43
176,1,SILVER BRACELETS,BSTR 7931-SG,0.6,18,41,30,7.50,66.00,121.00,121.00
177,1,SILVER BRACELETS,BSFK 5701-SG,1.1,57,23,73,7.50,48.00,137.38,137.38
178,1,SILVER BRACELETS,BSTR 5705-SG,1.1,75,36,38,7.50,43.00,137.49,137.49
179,1,SILVER BRACELETS,BSTR 5701-SG,1,33,18,57,7.00,40.00,123.73,123.73
180,1,SILVER BRACELETS,BSTR 5702-SG,1,33,50,87,7.50,42.00,129.00,129.00
181,1,SILVER BRACELETS,BSTR 5703-SG,1,37,45,86,7.00,40.00,129.41,129.41
182,1,SILVER BRACELETS,BLKL 750,0,0,23,93,7.50,20.00,31.80,31.80
183,1,SILVER BRACELETS,BLKL 750,0,0,33,27,8.00,21.00,32.79,32.79
184,1,SILVER BRACELETS,BSTR 5704-S,0,33,12,96,7.50,41.00,81.37,81.37
185,1,SILVER BRACELETS,BSTR 5703-S,0,37,19,91,7.50,41.00,81.61,81.61
186,3,SILVER BRACELETS,BSKN 68,0,0,15,36,7.50,162.00,51.84,155.52
187,4,SILVER BRACELETS,BSKN 68,0,0,4,22,8.00,229.00,54.96,219.84
188,1,SILVER BRACELETS,BSKN 68,0,0,25,83,8.50,60.00,57.60,57.60
189,3,SILVER BRACELETS,BDKM 075,0,0,46,26,8.25,234.00,74.88,224.64
190,3,SILVER BRACELETS,BSKM 775,0,0,39,28,7.50,217.00,69.44,208.32
191,4,SILVER BRACELETS,BSKM 775,0,0,44,65,8.00,302.00,72.48,289.92
192,2,SILVER BRACELETS,BSKM 775,0,0,46,26,8.50,157.00,75.36,150.72
193,3,SILVER BRACELETS,BSFB 614,0,0,3,13,8.00,456.00,145.92,437.76
194,2,SILVER BRACELETS,BSFB 614,0,0,28,10,8.50,327.00,156.96,313.92
195,1,SILVER BRACELETS,BSFB 614,0,0,43,38,9.00,171.00,164.16,164.16
196,2,SILVER BRACELETS,BSBP 5711,0,0,16,88,7.50,97.00,46.56,93.12
197,7,SILVER BRACELETS,BSBP 5711,0,0,16,38,8.00,363.00,49.78,348.48
198,4,SILVER BRACELETS,BSBP 5711,0,0,31,94,8.50,220.00,52.80,211.20
199,4,SILVER BRACELETS,BTP 124,0,0,8,98,8.00,510.00,122.40,489.60
200,2,SILVER BRACELETS,BTP 124,0,0,44,14,8.50,270.00,129.60,259.20
201,1,SILVER BRACELETS,BTP 124,0,0,13,10,9.00,143.00,137.28,137.28
202,1,SILVER BRACELETS,BFTN 127,0,0,26,33,8.50,124.00,119.04,119.04
203,1,SILVER BRACELETS,BFTN 127,0,0,13,34,9.00,131.00,125.76,125.76
204,4,SILVER BRACELETS,BSER 1016,0,0,47,99,8.00,523.00,125.52,502.08
205,3,SILVER BRACELETS,BSER 1016,0,0,24,28,8.50,411.00,131.52,394.56
206,1,SILVER BRACELETS,BSER 1016,0,0,23,88,9.00,145.00,139.20,139.20
207,1,SILVER BRACELETS,BFTR 150,0,0,12,21,8.50,124.00,119.04,119.04
208,1,SILVER BRACELETS,BFTR 150,0,0,48,61,9.00,132.00,126.72,126.72
209,2,SILVER BRACELETS,BSTR 179,0,0,19,58,7.50,124.00,59.52,119.04
210,3,SILVER BRACELETS,BFTN 115,0,0,40,97,8.00,270.00,86.40,259.20
211,2,SILVER BRACELETS,BSTR 462,0,0,17,38,7.50,66.00,31.68,63.36
212,1,SILVER BRACELETS,BCRK 705,0,0,40,71,8.00,60.00,57.60,57.60
213,3,SILVER BRACELETS,BSTR 711,0,0,16,98,8.00,274.00,87.68,263.04
214,5,SILVER BRACELETS,BSTR 711,0,0,12,48,8.50,485.00,93.12,465.60
215,2,SILVER BRACELETS,BCTR 800,0,0,1,55,8.50,258.00,123.84,247.68
216,4,SILVER BRACELETS,BSFK 850,0,0,12,91,7.50,240.00,57.60,230.40
217,5,SILVER BRACELETS,BSFK 850,0,0,6,37,8.00,322.00,61.82,309.12
218,2,SILVER BRACELETS,BSFB 074,0,0,15,38,7.00,110.00,52.80,105.60
219,5,SILVER BRACELETS,BSFB 074,0,0,23,68,7.50,294.00,56.45,282.24
220,4,SILVER BRACELETS,BSFB 074,0,0,10,55,8.00,246.00,59.04,236.16
221,1,SILVER BRACELETS,BCKS 410,0,0,22,77,8.50,87.00,83.52,83.52
222,1,SILVER BRACELETS,BCKS 167,0,0,25,39,9.00,208.00,199.68,199.68
223,3,SILVER BRACELETS,BSRK 560,0,0,9,10,8.00,134.00,42.88,128.64
224,2,SILVER BRACELETS,BSED 3512,0,0,36,34,7.00,110.00,52.80,105.60
225,1,SILVER BRACELETS,BSED 1151,0,0,20,60,7.50,61.00,58.56,58.56
226,2,SILVER BRACELETS,BSED 1151,0,0,3,71,8.00,128.00,61.44,122.88
227,1,SILVER BRACELETS,BSED 1151,0,0,35,48,9.00,71.00,68.16,68.16
228,2,SILVER BRACELETS,BTP 128,0,0,8,60,8.00,224.00,107.52,215.04
229,1,SILVER BRACELETS,BTP 128,0,0,15,39,8.50,121.00,116.16,116.16
230,2,SILVER BRACELETS,BTP 128,0,0,5,47,9.00,254.00,121.92,243.84
231,2,SILVER BRACELETS,BCKS 48,0,0,18,36,7.00,77.00,36.96,73.92
232,6,SILVER BRACELETS,BCKS 48,0,0,4,35,7.50,251.00,40.16,240.96
233,3,SILVER BRACELETS,BCKS 48,0,0,42,63,8.00,134.00,42.88,128.64
234,4,SILVER NECKLECES,NCKS 48,0,0,26,63,20.00,419.00,100.56,402.24
235,2,SILVER NECKLECES,NCKS 48,0,0,8,25,22.00,235.00,112.80,225.60
236,1,SILVER BRACELETS,BCKS 156,0,0,34,18,8.50,116.00,111.36,111.36
237,1,SILVER BRACELETS,BSBP 708,0,0,31,27,8.00,77.00,73.92,73.92
238,1,SILVER BRACELETS,BSBP 708,0,0,1,52,8.50,82.00,78.72,78.72
239,1,SILVER BRACELETS,BSBP 708,0,0,19,38,9.00,87.00,83.52,83.52
240,2,SILVER BRACELETS,BCTP 115,0,0,45,82,8.50,270.00,129.60,259.20
241,2,SILVER BRACELETS,BCBD 725,0,0,36,100,8.00,117.00,56.16,112.32
242,2,SILVER BRACELETS,BCBD 725,0,0,17,96,8.50,122.00,58.56,117.12
243,2,SILVER NECKLECES,NSRB 401,0,0,14,77,24.00,142.00,68.16,136.32
244,3,SILVER BRACELETS,BCSS 800,0,0,10,96,7.50,216.00,69.12,207.36
245,5,SILVER BRACELETS,BCSS 800,0,0,26,61,8.00,382.00,73.34,366.72
246,2,SILVER BRACELETS,BCSS 800,0,0,16,31,8.50,159.00,76.32,152.64
247,4,SILVER BRACELETS,BSTR 097,0,0,16,16,8.00,265.00,63.60,254.40
248,3,SILVER BRACELETS,BSTR 097,0,0,28,100,8.50,213.00,68.16,204.48
249,1,SILVER BRACELETS,BSTR 097,0,0,46,41,9.00,75.00,72.00,72.00
250,1,SILVER BRACELETS,BSFK 850-G,0.9,0,11,13,8.00,64.00,130.46,130.46
251,17,SILVER BRACELETS,BSOK 46,0,0,2,99,7.00,516.00,29.14,495.36
252,24,SILVER BRACELETS,BSOK 46,0,0,7,74,7.50,787.00,31.48,755.52
253,12,SILVER BRACELETS,BSOK 46,0,0,5,21,8.00,435.00,34.80,417.60
254,2,SILVER BRACELETS,BSOK 46,0,0,24,64,8.25,72.00,34.56,69.12
255,2,SILVER BRACELETS,BSTR 550,0,0,4,41,8.00,105.00,50.40,100.80
256,2,SILVER BRACELETS,BSTR 550,0,0,5,20,8.50,110.00,52.80,105.60
257,2,SILVER BRACELETS,BSTR 550,0,0,20,17,9.00,115.00,55.20,110.40
258,4,SILVER BRACELETS,BSTR 577,0,0,28,73,7.00,185.00,44.40,177.60
259,7,SILVER BRACELETS,BSTR 577,0,0,46,18,7.50,347.00,47.59,333.12
260,5,SILVER BRACELETS,BSTR 577,0,0,29,55,8.00,265.00,50.88,254.40
261,2,SILVER BRACELETS,BSTR 577,0,0,36,40,8.50,110.00,52.80,105.60
262,2,SILVER BRACELETS,BCHK 1041,0,0,18,19,8.00,221.00,106.08,212.16
263,2,SILVER BRACELETS,BCHK 1041,0,0,35,71,8.50,231.00,110.88,221.76
264,2,SILVER BRACELETS,BCHK 1041,0,0,33,67,9.00,245.00,117.60,235.20
265,6,SILVER BRACELETS,BSTR 097-S,0,46,4,68,7.50,406.00,102.67,616.02
266,3,SILVER BRACELETS,BSTR 097-S,0,46,37,29,8.00,217.00,106.51,319.53
267,6,SILVER BRACELETS,BCFK 155,0,0,7,90,8.50,915.00,146.40,878.40
268,1,SILVER BRACELETS,BCFK 155,0,0,34,74,9.00,162.00,155.52,155.52
269,8,SILVER BRACELETS,BCFK 560,0,0,12,95,8.00,487.00,58.44,467.52
270,1,SILVER BRACELETS,BCHK 1040,0,0,18,60,7.50,105.00,100.80,100.80
271,1,SILVER BRACELETS,BCHK 1040,0,0,37,37,8.00,110.00,105.60,105.60
272,2,SILVER BRACELETS,BFTN 126,0,0,12,42,8.00,205.00,98.40,196.80
273,3,SILVER BRACELETS,BFTN 126,0,0,3,94,8.50,319.00,102.08,306.24
274,2,SILVER BRACELETS,BSTR 379,0,0,47,50,7.50,162.00,77.76,155.52
275,4,SILVER BRACELETS,BSTR 379,0,0,43,35,8.00,343.00,82.32,329.28
276,2,SILVER BRACELETS,BSTR 379,0,0,47,34,8.50,182.00,87.36,174.72
277,3,SILVER BRACELETS,BSTR 845-S,0,50,15,59,-,166.00,91.60,274.80
278,2,SILVER BRACELETS,BSTR 845-S,0,50,26,80,8.00,117.00,94.64,189.28
279,2,SILVER BRACELETS,BSTR 845-S,0,50,10,39,8.00,111.00,94.64,189.28
280,6,SILVER BRACELETS,BCBP 68,0,0,38,72,7.50,289.00,46.24,277.44
281,5,SILVER BRACELETS,BCBP 68,0,0,28,86,8.00,254.00,48.77,243.84
282,4,SILVER BRACELETS,BCBP 68,0,0,17,61,8.50,218.00,52.32,209.28
283,1,SILVER BRACELETS,BSTR 5704-S,0,33,40,31,7.00,39.00,79.81,79.81
284,1,SILVER BRACELETS,BSTR 5704-S,0,33,41,41,7.00,39.00,73.86,73.86
285,1,SILVER BRACELETS,BSTR 5704-S,0,33,19,41,7.50,40.00,73.86,73.86
286,1,SILVER BRACELETS,BSTR 5703,0,0,4,87,7.00,39.00,79.69,79.69
287,1,SILVER BRACELETS,BSTR 5702-S,0,35,42,30,7.00,38.00,74.46,74.46
288,1,SILVER BRACELETS,NSTR 468-S,0,12,12,39,16.00,75.00,102.23,102.23
289,1,SILVER BRACELETS,NSTR 468-S,0,12,41,24,18.00,83.00,109.91,109.91
290,3,SILVER BRACELETS,BSTR 468-S,0,12,37,48,7.50,107.00,62.48,187.44
291,2,SILVER BRACELETS,BSTR 468-S,0,12,9,99,7.50,71.00,62.48,124.96
292,2,SILVER NECKLECES,NSRB 301,0,0,3,31,16.00,49.00,23.52,47.04
293,2,SILVER NECKLECES,NSRB 301,0,0,41,27,18.00,54.00,25.92,51.84
294,2,SILVER NECKLECES,NSRB 301,0,0,8,48,20.00,61.00,29.28,58.56
295,2,SILVER NECKLECES,NSRB 301,0,0,25,13,24.00,73.00,35.04,70.08
296,2,SILVER NECKLECES,NSRB 301,0,0,4,29,30.00,90.00,43.20,86.40
297,3,SILVER BRACELETS,BCBD 725,0,0,14,84,7.00,154.00,49.28,147.84
298,4,SILVER BRACELETS,BCBD 725,0,0,30,56,7.50,217.00,52.08,208.32
299,4,SILVER BRACELETS,BCBD 725,0,0,15,93,8.00,228.00,54.72,218.88
300,7,SILVER BRACELETS,BSTR 6831,0,0,46,93,7.50,365.00,50.06,350.40
301,7,SILVER BRACELETS,BSTR 6831,0,0,23,49,8.00,382.00,52.39,366.72
302,6,SILVER BRACELETS,BSTR 6831,0,0,5,45,8.50,348.00,55.68,334.08
303,5,SILVER BRACELETS,BSTR 681,0,0,40,59,7.50,256.00,49.15,245.76
304,5,SILVER BRACELETS,BSTR 681,0,0,45,63,8.00,269.00,51.65,258.24
305,5,SILVER BRACELETS,BSTR 681,0,0,10,16,8.50,289.00,55.49,277.44
306,10,SILVER BRACELETS,BSTR 462,0,0,10,50,7.00,241.00,23.14,231.36
307,8,SILVER BRACELETS,BSTR 462,0,0,30,54,7.50,206.00,24.72,197.76
308,8,SILVER BRACELETS,BSTR 462,0,0,16,20,8.00,215.00,25.80,206.40
309,10,SILVER BRACELETS,BSTR 463,0,0,6,38,7.00,242.00,23.23,232.32
310,15,SILVER BRACELETS,BSTR 463,0,0,47,44,7.50,386.00,24.70,370.56
311,3,SILVER BRACELETS,BSFB 614,0,0,4,91,8.00,454.00,145.28,435.84
312,2,SILVER BRACELETS,BSFB 614,0,0,12,59,8.50,328.00,157.44,314.88
313,2,SILVER BRACELETS,BSFB 614,0,0,10,51,9.00,347.00,166.56,333.12
314,5,SILVER BRACELETS,BSER 125,0,0,4,69,7.50,321.00,61.63,308.16
315,6,SILVER BRACELETS,BSER 125,0,0,20,18,8.00,414.00,66.24,397.44
316,4,SILVER BRACELETS,BSER 125,0,0,47,23,8.50,288.00,69.12,276.48
317,3,SILVER BRACELETS,BSHK 743,0,0,17,27,7.50,197.00,63.04,189.12
318,3,SILVER BRACELETS,BSHK 743,0,0,26,33,8.00,212.00,67.84,203.52
319,3,SILVER BRACELETS,BSHK 743,0,0,42,60,8.50,227.00,72.64,217.92
320,2,SILVER BRACELETS,BSTR 711,0,0,14,24,8.00,187.00,89.76,179.52
321,4,SILVER BRACELETS,BSTR 711,0,0,35,87,8.50,394.00,94.56,378.24
322,1,SILVER BRACELETS,BSTR 711,0,0,36,87,9.00,103.00,98.88,98.88
323,3,SILVER BRACELETS,BSFK 850,0,0,41,25,7.50,175.00,56.00,168.00
324,4,SILVER BRACELETS,BSFK 850,0,0,26,94,8.00,251.00,60.24,240.96
325,3,SILVER BRACELETS,BSFK 816,0,0,46,96,8.00,190.00,60.80,182.40
326,4,SILVER BRACELETS,BSFK 816,0,0,48,17,8.50,262.00,62.88,251.52
327,2,SILVER BRACELETS,BPKM 210,0,0,12,91,8.00,133.00,63.84,127.68
328,3,SILVER BRACELETS,BPKM 210,0,0,7,22,8.50,211.00,67.52,202.56
329,1,SILVER BRACELETS,BPKM 210,0,0,22,76,9.00,73.00,70.08,70.08
330,2,SILVER BRACELETS,BSTR 577-G,1,0,32,18,7.50,103.00,127.13,254.26
331,2,SILVER BRACELETS,BSFK 850-G,0.9,0,8,32,7.50,118.00,125.66,251.32
332,1,SILVER BRACELETS,BSFK 850-G,0.9,0,44,76,8.00,64.00,130.46,130.46
333,1,SILVER BRACELETS,BSTR 711-G,1.3,0,36,81,8.00,91.00,173.73,173.73
334,1,SILVER BRACELETS,BSTR 711-G,1.3,0,47,18,8.50,96.00,178.53,178.53
335,1,SILVER BRACELETS,BSFB 614-G,2.2,0,11,65,8.00,152.00,270.64,270.64
336,1,SILVER BRACELETS,BSFB 614-G,2.2,0,29,41,8.50,163.00,281.20,281.20
337,2,SILVER BRACELETS,BTP 154-S,0,5,31,52,8.00,271.00,160.08,320.16
338,3,SILVER BRACELETS,BTP 154-S,0,5,31,35,8.50,424.00,165.69,497.07
339,3,SILVER BRACELETS,BSRK 560,0,0,2,93,7.00,126.00,40.32,120.96
340,3,SILVER BRACELETS,BSRK 560,0,0,30,79,7.50,128.00,40.96,122.88
341,5,SILVER BRACELETS,BSRK 560,0,0,37,53,7.50,221.00,42.43,212.16
342,2,SILVER BRACELETS,BSRK 560,0,0,37,84,8.00,94.00,45.12,90.24
343,10,SILVER NECKLECES,NSRK 501,0,0,45,20,18.00,727.00,69.79,697.92
344,10,SILVER NECKLECES,NSRK 501,0,0,33,63,20.00,809.00,77.66,776.64
345,2,SILVER BRACELETS,BSAN 1845,0,0,48,43,8.00,195.00,93.60,187.20
346,3,SILVER BRACELETS,BSAN 1845,0,0,18,85,8.50,307.00,98.24,294.72
347,3,SILVER BRACELETS,BSTR 468-S,0,12,29,25,7.00,102.00,61.02,183.06
348,4,SILVER BRACELETS,BSTR 468-S,0,12,15,66,7.00,137.00,61.02,244.08
349,9,SILVER BRACELETS,BSTR 468-S,0,12,18,86,7.50,331.00,63.59,572.31
350,2,SILVER BRACELETS,BSTR 468-S,0,12,50,96,7.50,73.00,63.59,127.18
351,1,SILVER BRACELETS,BSTR 468-S,0,12,29,69,8.00,39.00,65.68,65.68
352,1,SILVER BRACELETS                                ,BSTR 468-S,0,12,45,26,8.00,39.00,65.68,65.68
353,1,SILVER BRACELETS                              ,BSTR 815-S,0,15,6,100,7.00,47.00,74.16,74.16
354,2,SILVER BRACELETS                               ,BSTR 815-S,0,15,27,60,7.00,92.00,74.16,148.32
355,5,SILVER BRACELETS                               ,BSTR 815-S,0,15,45,93,7.50,243.00,75.66,378.30
356,4,SILVER BRACELETS                              ,BSTR 815-S,0,15,33,19,7.50,194.00,75.66,302.64
357,2,SILVER BRACELETS                               ,BSER 125-S,0,12,8,99,7.50,128.00,90.63,181.26
358,1,SILVER BRACELETS                              ,BSER 125-S,0,12,13,91,7.50,65.00,90.63,90.63
359,1,SILVER BRACELETS                                ,BSER 125-S,0,12,19,29,8.00,67.00,94.47,94.47
360,1,SILVER BRACELETS                              ,BSER 125-S,0,12,26,47,8.00,69.00,94.47,94.47
361,1,SILVER BRACELETS                              ,BSFK 816-S,0,16,1,58,7.50,60.00,86.91,86.91
362,1,SILVER BRACELETS                                ,BSFK 816-S,0,16,42,78,7.50,59.00,86.91,86.91
363,1,SILVER BRACELETS                              ,BSFK 816-S,0,16,26,47,8.00,64.00,90.75,90.75
364,1,SILVER BRACELETS                               ,BSFK 816-S,0,16,33,79,8.00,64.00,90.75,90.75
365,6,SILVER BRACELETS,BSTR 682,0,0,17,15,7.50,318.00,50.88,305.28
366,6,SILVER BRACELETS                                            ,BSTR 682,0,0,22,11,8.00,326.00,52.16,312.96
367,2,SILVER BRACELETS                                           ,BSTR 682,0,0,6,41,8.50,116.00,55.68,111.36
368,5,SILVER BRACELETS                                           ,BCBP 682,0,0,42,47,7.50,289.00,55.49,277.44
369,4,SILVER BRACELETS                                             ,BCBP 682,0,0,32,60,8.00,243.00,58.32,233.28
370,3,SILVER BRACELETS                                           ,BCBP 682,0,0,48,26,8.50,195.00,62.40,187.20
371,1,SILVER BRACELETS                                           ,BSTR 468-G,0.8,0,24,39,7.50,38.00,101.16,101.16
372,1,SILVER BRACELETS                                           ,BTOV 561,0,0,1,71,7.50,43.00,41.28,41.28
373,1,SILVER BRACELETS                                            ,BLKL 115,0,0,45,53,8.00,32.00,46.68,46.68
374,1,SILVER BRACELETS                                           ,BLKL 750,0,0,9,21,7.50,20.00,34.80,34.80
375,1,SILVER BRACELETS                                            ,BLKL 750,0,0,21,81,8.00,21.00,35.79,35.79
376,3,SILVER BRACELETS                                            ,BSER 117,0,0,34,93,7.50,219.00,70.08,210.24
377,3,SILVER BRACELETS                                            ,BSER 117,0,0,12,69,8.00,228.00,72.96,218.88
378,5,SILVER BRACELETS                                            ,BCST 775,0,0,1,81,7.00,166.00,31.87,159.36
379,5,SILVER BRACELETS                                           ,BCST 775,0,0,14,85,7.50,179.00,34.37,171.84
380,1,SILVER BRACELETS,BCST 775-G,0.8,0,31,49,7.00,35.00,98.28,98.28
381,1,SILVER BRACELETS ,BCST 775-G,0.8,0,36,39,7.50,37.00,100.20,100.20
382,3,SILVER BRACELETS  ,BSOK 45,0,0,45,13,7.00,79.00,25.28,75.84
383,1,SILVER BRACELETS                                           ,BSOK 45,0,0,26,78,7.50,28.00,26.88,26.88
384,1,SILVER BRACELETS                                            ,BSBP 646,0,0,21,74,7.00,35.00,33.60,33.60
385,1,SILVER BRACELETS                                           ,BSBP 646,0,0,47,47,7.50,36.00,34.56,34.56
386,2,SILVER BRACELETS                                             ,BTP 124,0,0,39,50,8.00,259.00,124.32,248.64
387,2,SILVER BRACELETS                                            ,BTP 124,0,0,47,75,8.50,270.00,129.60,259.20
388,1,SILVER BRACELETS                                            ,BTP 124,0,0,50,14,9.00,145.00,139.20,139.20
389,1,SILVER BRACELETS,NSFB 614,0,0,16,54,26.00,480.00,460.80,460.80
390,1,SILVER BRACELETS,BCBD 725,0,0,40,87,8.50,60.00,57.60,57.60
391,1,SILVER BRACELETS,BCBD 725,0,0,26,66,9.00,63.00,60.48,60.48
392,1,SILVER BRACELETS,BAKL 123,0,0,2,57,7.00,47.00,45.12,45.12
393,3,SILVER BRACELETS,BAKL 123,0,0,6,19,7.50,150.00,48.00,144.00
394,1,SILVER BRACELETS,BSAN 1845,0,0,11,12,8.00,98.00,94.08,94.08
395,1,SILVER BRACELETS,BSAN 1845,0,0,1,46,8.50,104.00,99.84,99.84
396,1,SILVER BRACELETS,BTP 124,0,0,42,69,9.00,142.00,136.32,136.32
397,1,SILVER BRACELETS,BCHK 1040,0,0,2,51,8.00,106.00,101.76,101.76
398,1,SILVER BRACELETS,BCHK 1041,0,0,22,38,9.00,118.00,113.28,113.28
399,1,SILVER BRACELETS,BSTR 397,0,0,33,97,9.00,79.00,75.84,75.84
400,2,SILVER BRACELETS,BSTR 097-S,0,46,23,12,8.00,135.00,102.19,204.38
401,2,SILVER BRACELETS,BSTR 097-S,0,46,2,28,9.00,155.00,111.79,223.58
402,2,SILVER BRACELETS,BSKN 68,0,0,27,91,9.00,131.00,62.88,125.76
403,19,SILVER BRACELETS,BSOK 46,0,0,38,64,7.00,638.00,32.24,612.48
404,20,SILVER BRACELETS,BSOK 46,0,0,13,74,7.50,723.00,34.70,694.08
405,20,SILVER BRACELETS,BSOK 46,0,0,49,55,8.00,762.00,36.58,731.52
406,2,SILVER BRACELETS,BSOK 46,0,0,48,99,8.25,78.00,37.44,74.88
407,10,SILVER BRACELETS,BSOK 46,0,0,20,22,8.50,406.00,38.98,389.76
408,2,SILVER NECKLECES,NSKL 761,0,0,27,21,16.00,194.00,93.12,186.24
409,2,SILVER NECKLECES,NSKL 761,0,0,17,39,18.00,220.00,105.60,211.20
410,2,SILVER NECKLECES,NSKL 761,0,0,10,17,20.00,242.00,116.16,232.32
411,2,SILVER NECKLECES,NSOK46,0,0,35,10,18.00,171.00,82.08,164.16
412,2,SILVER BRACELETS,BCKS 48,0,0,20,97,8.00,89.00,42.72,85.44
413,1,SILVER BRACELETS,BCTG 117,0,0,11,76,9.25,104.00,99.84,99.84
414,12,SILVER BRACELETS,BCVJ 93,0,0,21,85,7.00,367.00,30.28,363.33
415,8,SILVER BRACELETS,BCVJ 93,0,0,28,40,7.50,261.00,32.30,258.39
416,10,SILVER BRACELETS,BSTR 750,0,0,31,70,7.50,488.00,46.85,468.48
417,10,SILVER BRACELETS,BSTR 750,0,0,41,27,8.00,512.00,49.15,491.52
418,6,SILVER BRACELETS,BSTR 750,0,0,46,19,8.50,328.00,52.48,314.88
419,6,SILVER BRACELETS,BSTR 750,0,0,48,51,9.00,349.00,55.84,335.04
420,5,SILVER NECKLECES,NSRK 501,0,0,7,88,18.00,375.00,72.00,360.00
421,5,SILVER NECKLECES,NSRK 501,0,0,47,63,20.00,420.00,80.64,403.20
422,3,SILVER NECKLECES,NSRK 501,0,0,43,22,22.00,263.00,84.16,252.48
423,6,SILVER NECKLECES,NSRK 401,0,0,9,42,18.00,283.00,45.28,271.68
424,6,SILVER NECKLECES,NSRK 401,0,0,18,41,20.00,319.00,51.04,306.24
425,6,SILVER NECKLECES,NSRK 401,0,0,26,60,22.00,335.00,53.60,321.60
426,8,SILVER BRACELETS,BSOK 46-GP,0,0,4,92,7.50,292.00,40.04,320.32
427,8,SILVER BRACELETS,BSOK 46-GP,0,0,32,12,8.00,306.00,41.72,333.76
428,8,SILVER BRACELETS ,BSOK 46-GP,0,0,39,76,8.50,328.00,44.36,354.88
429,8,SILVER BRACELETS,BSTR 750-GP,0,0,11,71,7.50,386.00,51.32,410.56
430,8,SILVER BRACELETS ,BSTR 750-GP,0,0,42,38,8.00,419.00,55.28,442.24
431,8,SILVER BRACELETS,BSTR 750-GP,0,0,16,42,8.50,444.00,58.28,466.24
432,8,SILVER BRACELETS,BSTR 750-GP,0,0,18,74,9.00,470.00,61.40,491.20
433,2,SILVER BRACELETS,BSTR 550,0,0,13,39,8.00,105.00,50.40,100.80
434,2,SILVER BRACELETS,BSTR 550,0,0,25,19,8.50,111.00,53.28,106.56
435,2,SILVER BRACELETS,BSTR 550,0,0,26,12,9.00,117.00,56.16,112.32
436,2,SILVER BRACELETS,BSTR 097,0,0,31,58,8.00,132.00,63.36,126.72
437,2,SILVER BRACELETS,BSTR 097,0,0,7,71,8.50,140.00,67.20,134.40
438,2,SILVER BRACELETS,BSTR 577,0,0,1,24,8.50,117.00,56.16,112.32
439,2,SILVER BRACELETS,BSTR 468-S,0,12,40,43,7.00,71.00,62.31,124.62
440,2,SILVER BRACELETS,BSTR 468-S,0,12,15,83,7.00,71.00,62.31,124.62
441,10,SILVER BRACELETS,BSTR 468-S,0,12,17,59,7.50,374.00,64.14,641.40
442,5,SILVER BRACELETS,BSTR 468-S,0,12,49,93,7.50,187.00,64.14,320.70
443,1,SILVER BRACELETS,BTP 128,0,0,47,20,8.50,124.00,119.04,119.04
444,1,SILVER BRACELETS,BSFB 614,0,0,25,25,8.00,151.00,144.96,144.96
445,1,SILVER BRACELETS,BSFB 590,0,0,42,34,7.00,72.00,69.12,69.12
446,1,SILVER BRACELETS,BSFB 590,0,0,11,57,7.50,76.00,72.96,72.96
447,1,SILVER BRACELETS,BSFB 074,0,0,5,24,7.00,55.00,52.80,52.80
448,2,SILVER BRACELETS,BSFB 074,0,0,22,78,7.50,117.00,56.16,112.32
449,2,SILVER BRACELETS,BSFB 074,0,0,10,44,8.00,122.00,58.56,117.12
450,2,SILVER BRACELETS,BSBP 540,0,0,29,11,7.00,87.00,41.76,83.52
451,1,SILVER BRACELETS,BSTR 075-G,2.5,0,42,94,7.50,50.00,125.69,125.69
452,1,SILVER BRACELETS,NSTR 468-S,0,12,10,44,19.00,93.00,117.51,117.51
453,1,SILVER BRACELETS,NSRB 401,0,0,4,12,30.00,87.00,83.52,83.52
454,1,SILVER BRACELETS,BSRK 560,0,0,10,74,7.00,42.00,40.32,40.32
455,2,SILVER BRACELETS,BSRK 560,0,0,32,22,7.00,84.00,40.32,80.64
456,8,SILVER BRACELETS,BSRK 560,0,0,48,75,7.50,359.00,43.08,344.64
457,2,SILVER BRACELETS,BSRK 560,0,0,42,66,8.00,93.00,44.64,89.28
458,1,SILVER BRACELETS,BBSB 1612-G,2.5,0,50,75,M,64.00,201.00,201.00
459,10,SILVER BRACELETS,BSTR 570,0,0,40,56,7.00,298.00,28.61,286.08
460,11,SILVER BRACELETS,BSTR 570,0,0,26,10,7.50,350.00,30.55,336.00
461,3,SILVER BRACELETS,BSTR 570,0,0,17,22,8.00,102.00,32.64,97.92
462,7,SILVER BRACELETS,BSTR 571,0,0,33,50,7.00,247.00,33.87,237.12
463,5,SILVER BRACELETS,BSTR 571,0,0,12,69,7.50,187.00,35.90,179.52
464,3,SILVER BRACELETS,BSBP 5711,0,0,44,80,7.00,135.00,43.20,129.60
465,5,SILVER BRACELETS,BSBP 5711,0,0,47,50,7.50,238.00,45.70,228.48
466,2,SILVER BRACELETS,BSBP 5711,0,0,17,46,8.00,101.00,48.48,96.96
467,4,SILVER BRACELETS,BSBP 955,0,0,11,82,,284.00,68.16,272.64
468,4,SILVER BRACELETS,BSBP 955,0,0,45,14,8.00,294.00,70.56,282.24
469,2,SILVER BRACELETS,BSBP 955,0,0,24,10,8.50,159.00,76.32,152.64
470,4,SILVER BRACELETS,BSAN 5155,0,0,35,46,7.50,305.00,73.20,292.80
471,4,SILVER BRACELETS,BSAN 5155,0,0,37,31,8.00,321.00,77.04,308.16
472,2,SILVER BRACELETS,BSAN 5155,0,0,50,80,8.50,170.00,81.60,163.20
473,25,SILVER BRACELETS,BSOK 46,0,0,42,10,7.00,804.00,30.87,771.84
474,27,SILVER BRACELETS,BSOK 46,0,0,25,18,7.50,917.00,32.60,880.32
475,24,SILVER BRACELETS,BSOK 46,0,0,28,47,8.00,901.00,36.04,864.96
476,7,SILVER BRACELETS,BSOK 46,0,0,31,34,8.50,287.00,39.36,275.52
477,3,SILVER BRACELETS,BSTR 750,0,0,35,22,7.50,158.00,50.56,151.68
478,3,SILVER BRACELETS,BSTR 750,0,0,6,28,8.00,170.00,54.40,163.20
479,3,SILVER BRACELETS,BSTR 750,0,0,18,97,8.50,179.00,57.28,171.84
480,3,SILVER BRACELETS,BSTR 750,0,0,49,55,9.00,188.00,60.16,180.48
481,7,SILVER BRACELETS,BSTR 577,0,0,19,79,7.50,376.00,51.57,360.96
482,5,SILVER BRACELETS,BSTR 577,0,0,9,65,8.00,288.00,55.30,276.48
483,3,SILVER BRACELETS,BSTR 577,0,0,38,99,8.50,184.00,58.88,176.64
484,3,SILVER BRACELETS,BSTR 577,0,0,31,51,9.00,192.00,61.44,184.32
485,1,SILVER NECKLECES,NSRK 501,0,0,36,91,17.00,68.00,65.28,65.28
486,5,SILVER NECKLECES,NSRK 501,0,0,20,45,18.00,360.00,69.12,345.60
487,4,SILVER NECKLECES,NSRK 501,0,0,21,45,20.00,314.00,75.36,301.44
488,3,SILVER NECKLECES,NSRK 501,0,0,46,73,22.00,263.00,84.16,252.48
489,2,SILVER BRACELETS,BSTR 468-S,0,12,49,90,7.00,71.00,62.31,124.62
490,2,SILVER BRACELETS,BSTR 468-S,0,12,48,10,7.50,76.00,64.71,129.42
491,2,SILVER BRACELETS,BCTR 738-S,0,42,46,49,7.00,94.00,81.43,162.86
492,2,SILVER BRACELETS,BCTR 738-S,0,42,8,47,7.50,100.00,84.31,168.62
493,1,SILVER BRACELETS,BTRG 165-S,0,18,14,73,7.00,73.00,99.93,99.93
494,1,SILVER BRACELETS,BSTR 097-S,0,46,32,85,7.00,62.00,96.91,96.91
495,1,SILVER NECKLECES,NSOK 03,0,0,26,62,20.00,140.00,134.40,134.40
496,1,SILVER BRACELETS,BCTP 115,0,0,14,47,8.50,149.00,143.04,143.04
497,2,SILVER BRACELETS,BTP 124,0,0,41,57,8.00,281.00,134.88,269.76
498,3,SILVER BRACELETS,BTP 124,0,0,6,89,8.50,448.00,143.36,430.08
499,1,SILVER BRACELETS,BFTN 127,0,0,14,66,8.50,114.00,109.44,109.44
500,1,SILVER BRACELETS,BSER 1016,0,0,33,62,9.00,143.00,137.28,137.28
501,2,SILVER BRACELETS,BCKS 106,0,0,7,37,8.00,150.00,72.00,144.00
502,1,SILVER BRACELETS,BSTR 179,0,0,3,45,7.50,60.00,57.60,57.60
503,2,SILVER BRACELETS,BSTR 179,0,0,41,12,8.00,128.00,61.44,122.88
504,3,SILVER BRACELETS,BCTR 800,0,0,15,35,8.00,224.00,71.68,215.04
505,1,SILVER BRACELETS,BCTR 800,0,0,3,97,8.50,81.00,77.76,77.76
506,5,SILVER BRACELETS,BFTN 115,0,0,47,69,8.00,472.00,90.62,453.12
507,2,SILVER BRACELETS,BFTN 115,0,0,45,14,8.50,204.00,97.92,195.84
508,2,SILVER BRACELETS,BSTR 711,0,0,42,91,8.00,197.00,94.56,189.12
509,1,SILVER BRACELETS,BFTR 150,0,0,3,30,8.00,128.00,122.88,122.88
510,3,SILVER BRACELETS,BFTR 150,0,0,2,68,8.50,402.00,128.64,385.92
511,2,SILVER BRACELETS,BSFK 850,0,0,47,15,7.50,117.00,56.16,112.32
512,3,SILVER BRACELETS,BSFB 074,0,0,10,92,8.00,176.00,56.32,168.96
513,2,SILVER BRACELETS,BSTR 815-S,0,15,13,87,7.50,107.00,80.40,160.80
514,3,SILVER BRACELETS,BSTR 977,0,0,4,74,8.00,203.00,64.96,194.88
515,1,SILVER BRACELETS,BTP 128,0,0,25,45,9.00,137.00,131.52,131.52
516,3,SILVER BRACELETS,BCHK 1040,0,0,47,69,8.00,321.00,102.72,308.16
517,1,SILVER BRACELETS,BCHK 1040,0,0,1,93,8.50,116.00,111.36,111.36
518,2,SILVER BRACELETS,BCRK 775,0,0,16,82,7.50,97.00,46.56,93.12
519,3,SILVER BRACELETS,BTP 108,0,0,39,31,8.50,387.00,123.84,371.52
520,1,SILVER BRACELETS,BTP 154-S,0,5,24,11,9.00,161.00,185.91,185.91
521,2,SILVER BRACELETS,BSTR 550,0,0,3,37,8.50,139.00,66.72,133.44
522,3,SILVER NECKLECES,NTRP 501,0,0,35,77,20.00,224.00,71.68,215.04
523,2,SILVER BRACELETS,BSRK 560,0,0,38,75,8.50,95.00,45.60,91.20
524,4,SILVER BRACELETS,BCBD 725,0,0,25,17,8.00,233.00,55.92,223.68
525,6,SILVER BRACELETS,BTOV 561,0,0,7,24,7.00,239.00,38.24,229.44
526,7,SILVER BRACELETS,BTOV 561,0,0,31,49,7.50,298.00,40.87,286.08
527,8,SILVER BRACELETS,BSBP 646,0,0,48,65,7.00,271.00,32.52,260.16
528,8,SILVER BRACELETS,BSBP 646,0,0,47,49,7.50,289.00,34.68,277.44
529,3,SILVER BRACELETS,BSFK 816,0,0,33,40,7.50,177.00,56.64,169.92
530,4,SILVER BRACELETS,BSFK 816,0,0,25,84,8.00,255.00,61.20,244.80
531,4,SILVER BRACELETS,BCTR 738-SL,0,0,1,17,7.00,196.00,47.04,188.16
532,4,SILVER BRACELETS,BCTR 738-SL,0,0,42,41,7.50,208.00,49.92,199.68
533,2,SILVER BRACELETS,BS 04-S,0,1,48,36,7.50,90.00,76.66,153.32
534,2,SILVER BRACELETS,BS 04-S,0,1,27,17,7.50,89.00,76.66,153.32
535,1,SILVER BRACELETS,BS 04-S,0,1,17,39,7.50,46.00,,87.16
536,4,SILVER BRACELETS,BSBP 600,0,0,7,63,7.00,163.00,39.12,156.48
537,4,SILVER BRACELETS,BSBP 600,0,0,44,17,7.50,174.00,41.76,167.04
538,3,SILVER BRACELETS,BSER 1016,0,0,8,72,8.00,374.00,119.68,359.04
539,5,SILVER BRACELETS,BSER 1016,0,0,40,46,8.50,658.00,126.34,631.68
540,1,SILVER BRACELETS,BSER 1016,0,0,4,24,9.00,138.00,132.48,132.48
541,6,SILVER BRACELETS,BAKL 123,0,0,14,46,7.00,293.00,46.88,281.28
542,3,SILVER BRACELETS,BAKL 123,0,0,34,88,7.50,156.00,49.92,149.76
543,2,SILVER BRACELETS,BAKL 123,0,0,48,29,8.00,108.00,51.84,103.68
544,1,SILVER BRACELETS,BSBP 708,0,0,12,14,8.00,78.00,74.88,74.88
545,1,SILVER BRACELETS,BSBP 708,0,0,48,55,8.50,83.00,79.68,79.68
546,1,SILVER BRACELETS,BTP 128,0,0,16,64,8.00,121.00,116.16,116.16
547,1,SILVER BRACELETS,BTP 128,0,0,30,48,8.50,135.00,129.60,129.60
548,1,SILVER BRACELETS,BTP 128,0,0,49,74,9.00,143.00,137.28,137.28
549,3,SILVER BRACELETS,BCBD 725,0,0,15,21,8.00,171.00,54.72,164.16
550,3,SILVER BRACELETS,BCBD 725,0,0,36,46,8.50,177.00,56.64,169.92
551,2,SILVER BRACELETS,BSFB 074,0,0,38,45,7.00,108.00,51.84,103.68
552,3,SILVER BRACELETS,BSFB 074,0,0,17,99,7.50,170.00,54.40,163.20
553,3,SILVER BRACELETS,BSFB 074,0,0,32,39,8.00,178.00,56.96,170.88
554,1,SILVER BRACELETS,BSFB 074,0,0,12,44,8.50,63.00,60.48,60.48
555,1,SILVER BRACELETS,BCKS 167,0,0,4,31,9.00,212.00,203.52,203.52
556,1,SILVER BRACELETS,BCHK 1040,0,0,43,25,8.00,110.00,105.60,105.60
557,1,SILVER BRACELETS,BCHK 1040,0,0,8,33,8.50,113.00,108.48,108.48
558,1,SILVER BRACELETS,BSFB 614,0,0,2,14,8.50,160.00,153.60,153.60
559,1,SILVER BRACELETS,BSFB 614,0,0,43,86,9.00,167.00,160.32,160.32
560,1,SILVER BRACELETS,BTP 124,0,0,12,63,8.00,128.00,122.88,122.88
561,3,SILVER BRACELETS,BTP 124,0,0,45,45,8.50,398.00,127.36,382.08
562,1,SILVER BRACELETS,BTP 124,0,0,1,44,9.00,140.00,134.40,134.40
563,1,SILVER BRACELETS,BTP 124,0,0,40,84,9.50,150.00,144.00,144.00
564,1,SILVER BRACELETS,BSTR 379,0,0,2,38,8.50,83.00,79.68,79.68
565,1,SILVER BRACELETS,BCBP 900,0,0,10,40,8.50,98.00,94.08,94.08
566,1,SILVER BRACELETS,BFTN 125,0,0,27,24,8.00,102.00,97.92,97.92
567,1,SILVER BRACELETS,BFTN 125,0,0,12,41,8.50,108.00,103.68,103.68
568,2,SILVER BRACELETS,BSBP 540,0,0,29,75,7.00,90.00,43.20,86.40
569,2,SILVER BRACELETS,BSBP 540,0,0,2,59,7.50,97.00,46.56,93.12
570,4,SILVER BRACELETS,BSOK 46,0,0,1,92,7.00,123.00,29.52,118.08
571,3,SILVER BRACELETS,BSOK 46,0,0,11,14,7.50,95.00,30.40,91.20
572,2,SILVER BRACELETS,BSRK 560,0,0,22,39,7.00,78.00,37.44,74.88
573,1,SILVER BRACELETS,BSRK 560,0,0,32,36,7.50,42.00,40.32,40.32
574,1,SILVER BRACELETS,BTOV 552,0,0,43,34,7.50,68.00,65.28,65.28
575,2,SILVER BRACELETS,BTOV 561,0,0,18,35,7.00,80.00,38.40,76.80
576,1,SILVER BRACELETS,BTOV 561,0,0,50,84,7.50,43.00,41.28,41.28
577,1,SILVER BRACELETS,BTOV 561,0,0,10,49,8.00,46.00,44.16,44.16
578,2,SILVER BRACELETS,BCTR BOO,0,0,14,95,7.00,132.00,63.36,126.72
579,4,SILVER BRACELETS,BCTR 800,0,0,43,90,7.50,282.00,67.68,270.72
580,2,SILVER BRACELETS,BCTR 800,0,0,8,68,8.00,150.00,72.00,144.00
581,3,SILVER BRACELETS,BSTR 750,0,0,15,98,8.00,161.00,51.52,154.56
582,2,SILVER BRACELETS,BSTR 750,0,0,46,19,8.50,115.00,55.20,110.40
583,10,SILVER BRACELETS,BSKL 761,0,0,37,54,7.00,481.00,46.18,461.76
584,10,SILVER BRACELETS,BSKL 761,0,0,37,90,8.00,550.00,52.80,528.00
585,2,SILVER BRACELETS,BFTR 150,0,0,42,89,10.00,303.00,145.44,290.88
586,1,SILVER BRACELETS,NSOK 03,0,0,5,10,18.00,129.00,123.84,123.84
587,1,SILVER BRACELETS,BSTR 835-S,0,35,3,94,8.00,60.00,92.03,92.03
588,1,SILVER BRACELETS,BCSS 800,0,0,24,34,7.50,73.00,70.08,70.08
589,1,SILVER NECKLECES,NS 04-S,0,1,16,66,17.00,85.00,148.60,148.60
590,2,SILVER NECKLECES,NS 04-S,0,1,1,28,17.00,166.00,124.60,249.20
591,1,SILVER BRACELETS,BS 04-S,0,1,35,12,7.50,46.00,111.16,111.16
592,2,SILVER BRACELETS,BS 04-S,0,1,43,63,7.50,90.00,87.16,174.32
593,6,SILVER BRACELETS,BCBP 461,0,0,34,88,7.00,168.00,26.88,161.28
594,7,SILVER BRACELETS,BCBP 461,0,0,49,46,7.50,208.00,28.53,199.68
595,4,SILVER BRACELETS,BSFK 816,0,0,37,38,7.50,251.00,60.24,240.96
596,3,SILVER BRACELETS,BSFK 816,0,0,40,90,8.00,199.00,63.68,191.04
597,3,SILVER BRACELETS,BSFK 816,0,0,11,73,8.50,210.00,67.20,201.60
598,3,SILVER BRACELETS,BSTR 815-S,0,15,30,98,7.50,133.00,71.61,214.83
599,2,SILVER BRACELETS,BSTR 815-S,0,15,20,65,8.00,93.00,73.69,147.38
600,6,SILVER BRACELETS,BCTR 738-SL,0,0,14,72,7.00,295.00,47.20,283.20
601,6,SILVER BRACELETS,BCTR 738-SL,0,0,1,51,7.50,309.00,49.44,296.64
602,2,SILVER BRACELETS,BSTR 682,0,0,29,45,7.00,99.00,47.52,95.04
603,7,SILVER BRACELETS,BSTR 682,0,0,14,80,7.50,367.00,50.33,352.32
604,4,SILVER BRACELETS,BSTR 682,0,0,10,32,8.00,220.00,52.80,211.20
605,2,SILVER BRACELETS,BSTR 681,0,0,33,74,7.00,98.00,47.04,94.08
606,6,SILVER BRACELETS,BSTR 681,0,0,19,65,7.50,310.00,49.60,297.60
607,3,SILVER BRACELETS,BSTR 681,0,0,35,59,8.00,164.00,52.48,157.44
608,5,SILVER BRACELETS,BSBP 5711,0,0,5,12,7.00,229.00,43.97,219.84
609,5,SILVER BRACELETS,BSBP 5711,0,0,40,92,7.50,243.00,46.66,233.28
610,3,SILVER BRACELETS,BSTR 683,0,0,5,28,7.00,53.00,16.96,50.88
611,5,SILVER BRACELETS,BSTR 683,0,0,24,10,7.50,270.00,51.84,259.20
612,2,SILVER BRACELETS,BSTR 683,0,0,14,24,8.00,113.00,54.24,108.48
613,2,SILVER BRACELETS,BSTR 684,0,0,2,84,7.00,104.00,49.92,99.84
614,5,SILVER BRACELETS,BSTR 684,0,0,26,28,7.50,277.00,53.18,265.92
615,3,SILVER BRACELETS,BSTR 684,0,0,2,70,8.00,176.00,56.32,168.96
616,13,SILVER BRACELETS,BSTR 463,0,0,18,31,7.00,427.00,31.53,409.92
617,14,SILVER BRACELETS,BSTR 463,0,0,22,53,7.50,498.00,34.15,478.08
618,2,SILVER BRACELETS,BCBP 682,0,0,18,38,7.00,97.00,46.56,93.12
619,6,SILVER BRACELETS,BCBP 682,0,0,2,48,7.50,310.00,49.60,297.60
620,3,SILVER BRACELETS,BCBP 682,0,0,26,46,8.00,166.00,53.12,159.36
621,8,SILVER BRACELETS,BSTR 571,0,0,21,87,7.00,270.00,32.40,259.20
622,11,SILVER BRACELETS,BSTR 571,0,0,15,43,7.50,397.00,34.65,381.12
623,7,SILVER BRACELETS,BSTR 572,0,0,47,51,7.00,243.00,33.33,233.28
624,7,SILVER BRACELETS,BSTR 572,0,0,17,98,7.50,257.00,35.25,246.72
625,3,SILVER  BRACELETS,BSTN 1445-S,0,12,11,98,7.50,222.00,99.27,297.81
626,3,SILVER BRACELETS,BSTN 1445-S,0,12,33,62,8.00,236.00,103.76,311.28
627,3,SILVER  BRACELETS,BSFB 955,0,0,21,56,7.50,215.00,68.80,206.40
628,4,SILVER  BRACELETS,BSFB 955,0,0,17,57,,309.00,74.16,296.64
629,2,SILVER  BRACELETS,BSFB 955,0,0,37,38,8.50,162.00,77.76,155.52
630,1,SILVER  BRACELETS,BSFB 614,0,0,32,61,8.00,151.00,144.96,144.96
631,1,SILVER  BRACELETS,BCBD 725,0,0,3,14,9.50,69.00,66.24,66.24
632,3,SILVER  BRACELETS,BCBP 701,0,0,30,88,7.50,203.00,64.96,194.88
633,4,SILVER  BRACELETS,BCBP 702,0,0,23,66,8.00,289.00,69.36,277.44
634,3,SILVER  BRACELETS,BCBP 703,0,0,48,45,8.50,228.00,72.96,218.88
635,5,SILVER  BRACELETS,BCHK 1041,0,0,46,72,8.00,555.00,106.56,532.80
636,4,SILVER  BRACELETS,BCHK 1042,0,0,49,73,8.50,474.00,113.76,455.04
637,4,SILVER  BRACELETS,BCHK 1043,0,0,32,86,9.00,498.00,119.52,478.08
638,3,SILVER  BRACELETS,BFTN 115,0,0,37,34,7.50,262.00,83.84,251.52
639,3,SILVER  BRACELETS,BFTN 115,0,0,14,61,8.00,281.00,89.92,296.76
640,3,SILVER  BRACELETS,BFTN 115,0,0,2,33,8.50,301.00,96.32,288.96
641,2,SILVER  BRACELETS,BSER 117,0,0,46,33,7.50,148.00,71.04,71.04
642,3,SILVER  BRACELETS,BSER 117,0,0,7,59,8.00,234.00,74.88,224.64
643,3,SILVER  BRACELETS,BSER 117,0,0,39,23,8.50,244.00,78.08,234.24
644,3,SILVER  BRACELETS,BSER 125,0,0,17,12,7.00,180.00,57.60,172.80
645,6,SILVER  BRACELETS,BSER 125,0,0,23,12,7.50,385.00,61.60,369.60
646,3,SILVER  BRACELETS,BSTR 711,0,0,47,25,8.00,292.00,93.44,280.32
647,5,SILVER  BRACELETS,BSTR 711,0,0,5,65,8.50,519.00,99.65,498.24
648,4,SILVER  BRACELETS,BSTR 711,0,0,6,41,9.00,438.00,105.12,420.48
649,9,SILVER  BRACELETS,BTOV 561,0,0,7,63,7.00,364.00,38.83,349.44
650,12,SILVER  BRACELETS,BTOV 561,0,0,4,60,7.50,519.00,41.52,498.24
651,2,SILVER  BRACELETS,BTOV 561,0,0,34,99,8.00,93.00,44.64,89.28
652,5,SILVER  BRACELETS,BSOK 57,0,0,48,33,7.00,207.00,39.74,198.72
653,10,SILVER  BRACELETS,BSOK 57,0,0,42,16,7.50,435.00,41.76,417.60
654,4,SILVER  BRACELETS,BSOK 57,0,0,24,61,8.00,185.00,44.40,177.60
655,2,SILVER  BRACELETS,BSHK 743,0,0,7,84,7.50,144.00,69.12,138.24
656,4,SILVER  BRACELETS,BSHK 743,0,0,12,39,8.00,302.00,72.48,289.92
657,2,SILVER  BRACELETS,BSHK 743,0,0,43,55,8.50,162.00,77.76,155.52
658,2,SILVER  BRACELETS,BTP 124,0,0,45,32,8.00,262.00,125.76,251.52
659,3,SILVER  BRACELETS,BTP 124,0,0,2,16,8.50,417.00,133.44,400.32
660,3,SILVER  BRACELETS,BTP 124,0,0,41,62,9.00,441.00,141.12,423.36
661,6,SILVER  BRACELETS,BCPL 210,0,0,1,91,7.50,365.00,58.40,350.40
662,4,SILVER  BRACELETS,BCPL 210,0,0,15,89,8.00,258.00,61.92,247.68
663,4,SILVER  BRACELETS,BCPL 210,0,0,11,19,8.50,270.00,64.80,259.20
664,3,SILVER  BRACELETS,BCST 775,0,0,44,71,7.50,106.00,33.92,101.76
665,6,SILVER  BRACELETS,BCST 775,0,0,17,90,8.00,228.00,36.48,218.88
666,3,SILVER  BRACELETS,BCST 775,0,0,34,60,5.00,121.00,38.72,116.16
667,1,SILVER  BRACELETS,BSTR 711-G,0.9,0,33,70,8.00,99.00,181.40,181.40
668,2,SILVER  BRACELETS,BSTR 711-G,0.9,0,16,41,8.50,206.00,185.24,370.48
669,2,SILVER  BRACELETS,BSTR 577-G,1,0,22,95,7.00,103.00,127.13,254.26
670,2,SILVER  BRACELETS,BSTR 577-G,1,0,11,97,7.50,109.00,130.07,260.14
671,1,SILVER  BRACELETS,BSFB 614-G,2.2,0,20,100,8.50,163.00,281.86,281.86
672,1,SILVER  BRACELETS,BSFB 614-G,2.2,0,26,81,9.00,173.00,291.46,291.46
673,2,SILVER  BRACELETS,BCST 775-G,0.8,0,50,88,7.00,73.00,99.72,199.44
674,4,SILVER  BRACELETS,BCST 775-G,0.8,0,18,22,7.50,145.00,99.48,397.92
675,3,SILVER NECKLECES,NSRK 501,0,0,21,94,18.00,219.00,70.08,210.24
676,1,SILVER NECKLECES,NSRK 501,0,0,35,57,20.00,83.00,79.68,79.68
677,1,SILVER NECKLECES,NSRK 501,0,0,2,80,22.00,91.00,87.36,87.36
678,3,SILVER BRACELETS,BSTR 379,0,0,47,99,8.00,259.00,82.88,248.64
679,4,SILVER BRACELETS,BSTR 379,0,0,17,17,8.50,366.00,87.84,351.36
680,4,SILVER BRACELETS,BSTR 379,0,0,28,72,9.00,387.00,92.88,371.52
681,2,SILVER BRACELETS,BFTR 150,0,0,1,41,8.50,258.00,123.84,247.68
682,1,SILVER BRACELETS,BFTR 150,0,0,25,39,9.00,137.00,131.52,131.52
683,2,SILVER BRACELETS,BCHK 1040,0,0,28,30,8.75,236.00,113.28,226.56
684,1,SILVER NECKLECES,NSTR 468-S,0,12,8,45,16.00,81.00,105.99,105.99
685,1,SILVER NECKLECES,NSTR 468-S,0,12,1,71,16.00,81.00,105.99,105.99
686,3,SILVER NECKLECES,NSTR 468-S,0,12,43,18,18.00,273.00,115.59,346.77
687,2,SILVER BRACELETS,BSTR 835-S,0,35,2,47,7.50,113.00,88.67,177.34
688,2,SILVER BRACELETS,BSTR 835-S,0,35,36,51,7.50,112.00,88.67,177.34
689,1,SILVER BRACELETS,BTP 154-S,0,5,20,36,8.00,135.00,159.80,159.80
690,2,SILVER BRACELETS,BTP 154-S,0,5,40,75,8.50,286.00,167.48,334.96
691,1,SILVER BRACELETS,BSER 1216-S,0,6,47,41,8.00,131.00,152.38,152.38
692,1,SILVER BRACELETS,BSER 1216-S,0,6,47,43,8.50,137.00,158.14,158.14
693,1,SILVER NECKLECES,NSTR 815-S,0,15,19,100,18.00,122.00,146.16,146.16
694,1,SILVER NECKLECES,NSTR 815-S,0,15,1,17,18.00,122.00,146.16,146.16
695,1,SILVER NECKLECES,NSTR 815-S,0,15,2,58,20.00,137.00,161.52,161.52
696,1,SILVER NECKLECES,NSTR 815-S,0,15,27,31,20.00,138.00,161.52,161.52
697,2,SILVER BRACELETS,BSTR 4681-G,0.8,0,38,38,7.00,71.00,98.76,197.52
698,1,SILVER BRACELETS,BCBP 809-S,0,9,22,77,7.50,49.00,74.47,74.47
699,1,SILVER BRACELETS,BSRK 572-32S,0,32,36,86,7.50,47.00,82.97,82.97
700,1,SILVER BRACELETS,BSRK 572-32S,0,32,42,99,7.50,41.00,77.20,77.20
701,1,SILVER BRACELETS,BSRK 573-42S,0,32,31,67,7.50,48.00,85.32,85.32
702,1,SILVER BRACELETS,BSFK816-S,0,16,8,50,7.50,57.00,85.95,85.95
703,1,SILVER BRACELETS,BSER 125-S,0,12,34,91,7.50,63.00,88.71,88.71
704,1,SILVER BRACELETS,BS 915-S,0,15,40,82,7.00,24.00,54.43,54.43
705,1,SILVER BRACELETS,BS 915,0,0,39,50,7.00,23.00,23.00,23.00
706,1,SILVER BRACELETS,BSBP 540,0,0,29,99,7.50,48.00,46.08,46.08
707,1,SILVER BRACELETS,BDKM 775,0,0,27,59,7.50,55.00,52.80,52.80
708,1,SILVER BRACELETS,BOKM 075,0,0,46,22,8.00,73.00,70.08,70.08
709,1,SILVER BRACELETS,BSKM 851,0,0,19,41,7.50,86.00,82.56,82.56
710,6,SILVER BRACELETS,BSTL 107,0,0,40,92,8.00,460.00,73.60,441.60
711,6,SILVER BRACELETS,BSTL 107,0,0,8,13,8.50,489.00,78.24,469.44
712,1,SILVER BRACELETS,BSTL 107,0,0,19,100,9.00,86.00,82.56,82.56
713,3,SILVER BRACELETS,BCHK 1040,0,0,6,84,8.00,326.00,104.32,312.96
714,3,SILVER BRACELETS,BCHK 1040,0,0,36,13,8.50,353.00,112.96,338.88
715,1,SILVER BRACELETS,BCHK 1040,0,0,22,86,10.00,137.00,131.52,131.52
716,12,SILVER BRACELETS,BSTR 46,0,0,11,86,7.00,314.00,25.12,301.44
717,12,SILVER BRACELETS,BSTR 46,0,0,35,31,7.50,341.00,27.28,327.36
718,12,SILVER BRACELETS,BSTR 46,0,0,25,35,8.00,366.00,29.28,351.36
719,3,SILVER BRACELETS,BFTR 145,0,0,29,53,8.00,315.00,100.80,302.40
720,6,SILVER BRACELETS,BFTR 145,0,0,4,21,8.50,661.00,105.76,634.56
721,3,SILVER BRACELETS,BFTR 145,0,0,37,59,9.00,349.00,111.68,335.04
722,12,SILVER BRACELETS,BSOK 45,0,0,41,33,7.00,371.00,29.68,356.16
723,12,SILVER BRACELETS,BSOK 45,0,0,40,75,7.50,395.00,31.60,379.20
724,12,SILVER BRACELETS,BLKL 750,0,0,11,88,7.50,246.00,34.85,418.20
725,12,SILVER BRACELETS,BLKL 750,0,0,35,97,8.00,255.00,36.80,441.60
726,12,SILVER BRACELETS,BLKL 750,0,0,36,59,8.50,257.00,37.79,453.48
727,12,SILVER BRACELETS,BLKL 115,0,0,17,65,8.00,370.00,51.65,619.80
728,12,SILVER BRACELETS,BLKL 115,0,0,48,68,8.50,377 .00,54.62,655.44
729,6,SILVER BRACELETS,BSOK 86-BR,0,1,40,78,8.00,363.00,58.08,348.48
730,6,SILVER BRACELETS,BSOK 86-BR,0,1,23,10,8.50,378.00,60.48,362.88
731,6,SILVER BRACELETS,BSED 1151,0,0,47,98,8.00,398.00,63.68,382.08
732,6,SILVER BRACELETS,BSED 1151,0,0,37,23,8.50,416.00,66.56,399.36
733,12,SILVER BRACELETS,BSBP 646,0,0,6,54,7.00,404.00,32.32,387.84
734,12,SILVER BRACELETS,BSBP 646,0,0,38,43,7.50,434.00,34.72,416.64
735,3,SILVER BRACELETS,BSBP 129-S,0,12,44,77,7.00,151.00,79.98,239.94
736,3,SILVER BRACELETS,BSBP 129-S,0,12,29,46,7.00,151.00,81.53,244.59
737,3,SILVER BRACELETS,BSBP 129-S,0,12,33,66,7.00,151.00,81.88,245.64
738,3,SILVER BRACELETS,BSBP 129-S,0,12,25,87,7.50,160.00,83.66,250.98
739,3,SILVER BRACELETS,BSBP 129-S,0,12,46,60,7.50,160.00,85.37,256.11
740,3,SILVER BRACELETS,BSBP 129-S,0,12,13,72,7.50,160.00,85.72,257.16
741,6,SILVER BRACELETS,BSER 125,0,0,16,70,8.00,404.00,64.64,387.84
742,6,SILVER BRACELETS,BSER 125,0,0,1,86,8.50,425.00,68.00,408.00
743,6,SILVER BRACELETS,BSER 117,0,0,5,71,8.00,461.00,73.76,442.56
744,6,SILVER BRACELETS,BSER 117,0,0,37,97,8.50,488.00,78.08,468.48
745,3,SILVER BRACELETS,BFTN 115,0,0,48,12,8.00,271.00,86.72,260.16
746,3,SILVER BRACELETS,BFTN 115,0,0,15,86,8.50,283.00,90.56,271.68
747,3,SILVER BRACELETS,BCTG 920,0,0,38,49,8.00,293.00,93.76,281.28
748,3,SILVER BRACELETS,BCTG 920,0,0,32,77,8.50,312.00,99.84,299.52
749,3,SILVER BRACELETS,BCBP 800,0,0,10,11,8.00,201.00,64.32,192.96
750,3,SILVER BRACELETS,BCBP 800,0,0,30,40,8.50,214.00,68.48,205.44
751,6,SILVER BRACELETS,BSKL 761,0,0,42,23,7.00,285.00,45.60,273.60
752,6,SILVER BRACELETS,BSKL 761,0,0,33,44,7.50,303.00,48.48,290.88
753,6,SILVER BRACELETS,BTOV 561,0,0,36,27,7.00,235.00,37.60,225.60
754,6,SILVER BRACELETS,BTOV 561,0,0,28,65,7.50,255.00,40.80,244.80
755,6,SILVER BRACELETS,BCRK 775,0,0,20,25,7.00,278.00,44.48,266.88
756,6,SILVER BRACELETS,BCRK 775,0,0,25,60,7.50,294.00,47 .04,282.24
757,6,SILVER BRACELETS,BSKM 775,0,0,10,62,7.50,422.00,67.52,405.12
758,6,SILVER BRACELETS,BPKM 210,0,0,34,59,7.50,372.00,59.52,357.12
759,6,SILVER BRACELETS,BSTR 4681,0,0,38,58,7.00,224.00,35.84,215.04
760,6,SILVER BRACELETS,BSTR 4681,0,0,4,64,7.50,235.00,37.60,225.60
761,6,SILVER BRACELETS,BSTR 6831,0,0,23,27,7.00,298.00,47.68,286.08
762,6,SILVER BRACELETS,BSTR 6831,0,0,24,30,7.50,319.00,51.04,306.24
763,6,SILVER BRACELETS,BSTR 6831,0,0,37,73,,344.00,55.04,330.24
764,6,SILVER BRACELETS,BSBP 5711,0,0,14,65,7.00,280.00,44.80,268.80
765,6,SILVER BRACELETS,BSBP 5711,0,0,8,49,7.50,300.00,48.00,288.00
766,6,SILVER BRACELETS,BSBP 5711,0,0,46,76,8.00,319.00,51.04,306.24
767,1,SILVER BRACELETS,BCBW 11T,0,0,41,10,8.00,49.00,47.04,47.04
768,1,SILVER BRACELETS,BSRK 501,0,0,2,70,8.00,36.00,34.56,34.56
769,3,SILVER BRACELETS,BFTN 115,0,0,24,16,8.00,263.00,84.16,252.48
770,3,SILVER BRACELETS,BFTN 115,0,0,16,62,8.50,282.00,90.24,270.72
771,3,SILVER NECKLECES,NCBP 46,0,0,26,30,20.00,248.00,79.36,238.08
772,6,SILVER NECKLECES,NCBP 46,0,0,48,74,22.00,546.00,87.36,524.16
773,6,SILVER NECKLECES,NCBP 46,0,0,21,94,24.00,593.00,94.88,569.28
774,3,SILVER BRACELETS,BCHK 1041,0,0,43,93,8.00,322.00,103.04,309.12
775,3,SILVER BRACELETS,BCHK 1041,0,0,35,30,8.50,343.00,109.76,329.28
776,3,SILVER BRACELETS,BCHK 1041,0,0,39,98,9.00,359.00,114.88,344.64
777,6,SILVER BRACELETS,BSTR 6831,0,0,28,81,8.00,329.00,52.64,315.84
778,6,SILVER BRACELETS,BSTR 683,0,0,14,20,7.00,292.00,46.72,280.32
779,6,SILVER BRACELETS,BSTR 683,0,0,2,84,7.50,312.00,49.92,299.52
780,3,SILVER BRACELETS,BSTR 683,0,0,18,87,8.00,164.00,52.48,157.44
781,3,SILVER BRACELETS,BCTG 920,0,0,50,97,8.00,283.00,90.56,271.68
782,3,SILVER BRACELETS,BCTG 920,0,0,44,23,8.50,299.00,95.68,287.04
783,1,SILVER BRACELETS,BCTG 920,0,0,2,89,9.00,105.00,100.80,100.80
784,3,SILVER BRACELETS,BCBP 800,0,0,17,68,7.50,186.00,59.52,178.56
785,6,SILVER BRACELETS,BCBP 800,0,0,12,79,8.00,401.00,64.16,384.96
786,6,SILVER BRACELETS,BCBP 800,0,0,37,39,8.50,424.00,67.84,407.04
787,1,SILVER BRACELETS,BFTR 150,0,0,32,20,9.50,143.00,137.28,137.28
788,12,SILVER BRACELETS,BLKL 750,0,0,46,53,7.50,240.00,34.85,418.20
789,12,SILVER BRACELETS,BLKL 750,0,0,18,88,8.00,252.00,36.80,441.60
790,12,SILVER BRACELETS,BLKL 750,0,0,29,89,8.50,264.00,37.99,455.88
791,12,SILVER BRACELETS,BLKL 115,0,0,9,31,8.00,364.00,51.65,619.80
792,12,SILVER BRACELETS,BLKL 115,0,0,46,64,8.50,371.00,54.62,655.44
793,12,SILVER BRACELETS,BSTR 738-S,0,42,26,52,7.00,557.00,95.56,1146.72
794,11,SILVER BRACELETS,BSTR 738-S,0,42,31,98,7.50,544.00,98.31,1081.41
795,6,SILVER BRACELETS,BSTR 738-S,0,42,35,61,8.00,313.00,101.19,607.14
796,1,SILVER BRACELETS,BSER 117-G,0.9,0,15,76,9.50,90.00,163.68,163.68
797,6,SILVER BRACELETS,BCTR 800-G,0.5,0,20,69,7.00,401.00,112.64,675.84
798,6,SILVER BRACELETS,BCTR 800-G,0.5,0,33,21,7.50,428.00,117.29,703.74
799,6,SILVER BRACELETS,BCTR 800-G,0.5,0,30,40,8.00,451.00,121.61,729.66
800,6,SILVER BRACELETS,BSFK 850-G,0.9,0,45,18,7.00,319.00,124.70,748.20
801,5,SILVER BRACELETS,BSFK 850-G,0.9,0,23,71,7.50,280.00,128.54,642.70
802,3,SILVER BRACELETS,BSFK 850-G,0.9,0,43,37,8.00,178.00,132.38,397.14
803,6,SILVER BRACELETS,BSFK 816-S,0,16,5,45,7.00,327.00,83.34,500.04
804,6,SILVER BRACELETS,BSFK 816-S,0,16,22,61,7.50,341.00,87.18,523.08
805,3,SILVER BRACELETS,BSFK 816-S,0,16,26,44,8.00,180.00,93.90,281.70
806,6,SILVER BRACELETS,BSOK 831-S,0,22,10,74,7.00,206.00,62.65,375.90
807,6,SILVER BRACELETS,BSOK 831-S,0,22,39,81,7.50,219.00,65.53,393.18
808,3,SILVER BRACELETS,BSOK 831-S,0,22,35,50,8.00,117.00,68.41,205.23
809,5,SILVER BRACELETS,BFTN 1445-G,1.2,0,3,36,7.50,319.00,153.07,765.35
810,3,SILVER BRACELETS,BFTN 1445-G,1.2,0,17,85,8.00,200.00,157.87,473.61
811,6,SILVER BRACELETS,BFTN 1445-S,0,12,15,68,7.50,378.00,100.20,601.20
812,3,SILVER BRACELETS,BFTN 1445-S,0,12,10,97,8.00,195.00,105.00,315.00
813,3,SILVER BRACELETS,BFTN 1445-S,0,12,10,94,8.50,210.00,109.80,329.40
814,6,SILVER BRACELETS,BSTR 468-G,0.8,0,29,40,7.00,212.00,98.28,589.68
815,5,SILVER BRACELETS,BSTR 468-G,0.8,0,24,79,7.50,186.00,66.48,332.40
816,6,SILVER BRACELETS,BSTR 711-G,1.3,0,27,24,8.00,546.00,181.40,1088.40
817,6,SILVER BRACELETS,BSTR 711-G,1.3,0,39,89,8.50,573.00,185.24,1111.44
818,6,SILVER BRACELETS,BSTR 815-S,0,15,50,98,7.00,280.00,78.20,469.20
819,6,SILVER BRACELETS,BSTR 815-S,0,15,13,19,7.50,295.00,82.04,492.24
820,3,SILVER BRACELETS,BSTR 815-S,0,15,47,88,8.00,158.00,85.88,257.64
821,1,SILVER BRACELETS,BCST 775-G,0.8,0,40,80,8.50,39.00,102.26,102.26
822,1,SILVER BRACELETS,BSOK 45,0,0,11,16,8.00,30.00,28.80,26.80
823,2,SILVER BRACELETS,BSOK 45,0,0,8,72,8.50,63.00,30.24,60.48
824,,SILVER BRACELETS,BSTL 107,0,0,32,81,8.00,448.00,71.36,428.16
825,6,SILVER BRACELETS,BSTL 107,0,0,1,22,8.50,466.00,74.56,447.36
826,3,SILVER BRACELETS,BSTL 107,0,0,21,54,9.00,250.00,80.00,240.00
827,3,SILVER BRACELETS,BTRP 610,0,0,7,69,8.00,239.00,76.48,229.44
828,6,SILVER BRACELETS,BTRP 610,0,0,34,13,8.50,505.00,80.80,484.80
829,6,SILVER BRACELETS,BTOV 552,0,0,1,82,7.00,411.00,65.76,"39,456"
830,6,SILVER BRACELETS,BTOV 552,0,0,4,12,7.50,437.00,69.92,419.52
831,2,SILVER BRACELETS,BTOV 552,0,0,18,11,8.00,155.00,74.40,148.80
832,12,SILVER BRACELETS,BSTR 46,0,0,43,61,7.00,361.00,28.88,346.56
833,12,SILVER BRACELETS,BSTR 46,0,0,46,59,7.50,387.00,30.96,371.52
834,6,SILVER BRACELETS,BSTR 46,0,0,29,27,8.00,206.00,32.96,197.76
835,6,SILVER BRACELETS,BSRK 560,0,0,7,44,7.00,237.00,37.92,227.52
836,6,SILVER BRACELETS,BSRK 560,0,0,37,49,7.50,255.00,40.80,244.80
837,6,SILVER BRACELETS,BTOV 562,0,0,17,27,7.00,249.00,39.84,239.04
838,6,SILVER BRACELETS,BTOV 562,0,0,37,51,7.50,264.00,42.24,253.44
839,3,SILVER BRACELETS,BTOV 562,0,0,13,12,8.00,141.00,45.12,135.36
840,8,SILVER BRACELETS,BSRK 501,0,0,46,46,7.00,234.00,28.08,224.64
841,8,SILVER BRACELETS,BSRK 501,0,0,41,94,7.50,250.00,30.00,240.00
842,6,SILVER BRACELETS,BCBP 800,0,0,31,31,8.00,401.00,64.16,384.96
843,6,SILVER BRACELETS,BCBP 800,0,0,31,13,8.50,429.00,68.64,411.84
844,10,SILVER BRACELETS,8SOK 45,0,0,31,33,7.00,322.00,30.91,309.12
845,10,SILVER BRACELETS,BSOK 45,0,0,8,78,7.50,341.00,32.74,327.36
846,5,SILVER BRACELETS,BSOK 45,0,0,46,36,8.00,186.00,35.71,178.56
847,6,SILVER BRACELETS,BCRK 775,0,0,15,74,7.00,278.00,44.48,266.88
848,6,SILVER BRACELETS,BCRK 775,0,0,5,31,7.50,297.00,47.52,285.12
849,6,SILVER BRACELETS,BCHK 1041,0,0,14,33,8.00,631.00,100.96,605.76
850,6,SILVER BRACELETS,BCHK 1041,0,0,34,91,8.50,680.00,108.80,652.80
851,1,SILVER BRACELETS,BCHK 1041,0,0,47,51,9.00,119.00,114.24,114.24
852,7,SILVER BRACELETS,BCBW 11T,0,0,34,96,7.50,329.00,45.12,315.84
853,6,SILVER BRACELETS,BCBW 11T,0,0,22,21,8.00,299.00,47.84,287.04
854,6,SILVER BRACELETS,BSED 1151,0,0,24,66,8.00,,60.32,361.92
855,6,SILVER BRACELETS,BSED 1151,0,0,28,93,8.50,398.00,63.68,382.08
856,6,SILVER BRACELETS,BSTR 6831,0,0,5,29,7.50,315.00,50.40,302.40
857,6,SILVER BRACELETS,BSTR 6831,0,0,30,36,8.00,337.00,53.92,323.52
858,6,SILVER BRACELETS,BSTR6831,0,0,42,59,8.50,349.00,55.84,335.04
859,6,SILVER BRACELETS,BSTR 683,0,0,24,74,7.00,293.00,46.88,281.28
860,6,SILVER BRACELETS,BSTR 683,0,0,10,16,7.50,313.00,50.08,300.48
861,6,SILVER BRACELETS,BSTR 683,0,0,11,17,8.00,330.00,52.80,316.80
862,3,SILVER BRACELETS,BSER 1016,0,0,19,41,8.50,385.00,123.20,369.6
863,3.,SILVER BRACELETS,BSHK 942,0,0,8,10,,236.00,75.52,226.56
864,3,SILVER BRACELETS,BSHK 942,0,0,31,64,8.50,254.00,81.28,243.84
865,6,SILVER BRACELETS,BSFK 570,0,0,24,93,7.00,227.00,36.32,217.92
866,6,SILVER BRACELETS,BSFK 570,0,0,32,93,7.50,242.00,38.72,232.32
867,3,SILVER BRACELETS,BSFK 570,0,0,20,55,8.00,131.00,41.92,125.76
868,6,SILVER BRACELETS,BCBP 68,0,0,14,41,7.00,294.00,47.04,282.24
869,6,SILVER BRACELETS,BCBP 68,0,0,23,86,7.50,313.00,50.08,300.48
870,6,SILVER BRACELETS,BCBP 68,0,0,3,90,8.00,331.00,52.96,317.76
871,6,SILVER BRACELETS,BCBP 68,0,0,31,36,8.50,351.00,56.16,336.96
872,3,SILVER BRACELETS,BCHK 1040,0,0,20,62,8.00,319.00,102.08,306.24
873,3,SILVER BRACELETS,BCHK 1040,0,0,29,53,8.50,339.00,108.48,325.44
874,1,SILVER BRACELETS,BCHK 1040,0,0,17,36,9.00,118.00,113.28,113.28
875,1,SILVER BRACELETS,BCHK 1040,0,0,4,27,9.50,123.00,118.08,118.08
876,3,SILVER BRACELETS,BSFK 5701-S,0,57,21,37,7.00,131.00,87.45,262.35
877,4,SILVER BRACELETS,BSFK 5701-S,0,57,5,84,7.50,186.00,90.33,361.32
878,2,SILVER BRACELETS,BKLP 813-S,0,11,19,86,7.50,64.00,73.14,146.28
879,2,SILVER BRACELETS,BKLP 813-S,0,11,46,20,7.50,64.00,88.89,177.78
880,2,SILVER BRACELETS,BKLP 813-S,0,11,30,24,7.50,64.00,74.14,148.28
881,2,SILVER NECKLECES,NKLP 813-S,0,8,23,32,17.00,72.00,78.72,157.44
882,2,SILVER NECKLECES,NKLP 813-S,0,8,19,11,17.00,72.00,80.95,161.90
883,2,SILVER NECKLECES,NKLP 813-S,0,8,49,51,17.00,72.00,80.10,160.20
884,6,SILVER NECKLECES,NBKL 416-S,0,6,46,33,16.00,197.00,82.92,497.52
885,3,SILVER NECKLECES,NCRK 775,0,0,43,21,16.00,299.00,95.68,287.04
886,3,SILVER NECKLECES,NCRK 775,0,0,22,52,18.00,329.00,105.28,315.84
887,6,SILVER EARINGS,EBGW 970,0,0,44,12,-,54.00,14.30,85.80
888,6,SILVER EARINGS,EBGW 01,0,0,12,47,-,78.00,16.90,101.40
889,1,SILVER BRACELETS,BLKL 750,0,0,49,77,9.00,. 21.00,37.99,37.99
890,6,SILVER BRACELETS,BSTR 5705-S,0,75,25,56,7.00,240.00,88.74,532.44
891,6,SILVER BRACELETS,BSTR 5705-S,0,75,8,91,7.50,258.00,91.62,549.72
892,12,SILVER BRACELETS,BCBP 4611-S,0,12,37,72,7.00,372.00,62.88,754.56
893,12,SILVER BRACELETS,BCBP 4611-S,0,12,39,71,7.00,372.00,62.88,754.56
894,12,SILVER BRACELETS,BCBP 4611-S,0,12,14,52,7.50,396.00,64.80,777.60
895,12,SILVER BRACELETS,BCBP 4611-S,0,12,7,48,7.50,396.00,64.80,777.60
896,6,SILVER BRACELETS,BCBP 4611-S,0,12,36,96,8.00,210 .00,66.72,400.32
897,6,SILVER BRACELETS,BCBP 4611-S,0,12,9,38,8.00,210.00,66.72,400.32
898,3,SILVER BRACELETS,BCVJ 831-S,0,1,23,59,7.00,96.00,72.26,216.78
899,3,SILVER BRACELETS,BCVJ 831-S,0,1,43,84,7.50,102.00,74.18,222.54
